{
"lengthUnit": "mil",
"components": {
	"fields": ["COMPONENT_NO", "COMPONENT_NAME", "LAYER", "X_COORDINATE", "Y_COORDINATE", "ANGLE"],
	"rows": [
		[1, "CC1101/NRF24Socket", "T", 425, 580, 0],
		[2, "Grove", "T", 1815, 365, 270],
		[3, "M5StickConnector", "T", 80, 80, 90]
	]
},
"pins": {
	"fields": ["PIN_NO", "PIN_NAME", "PIN_X", "PIN_Y", "LAYER", "PIN_TYPE", "NET_NAME", "NET_TYPE", "PAD_SHAPE", "PAD_SIZEX", "PAD_SIZEY", "HOLE_SIZE", "PAD_ANGLE"],
	"rows": [
		[1, "CC1101/NRF24Socket_1", 425, 580, "T", "DIP", "GND", "GND", "R", 66.93, 66.93, 36.61, 0],
		[2, "CC1101/NRF24Socket_1", 425, 580, "B", "DIP", "GND", "GND", "R", 66.93, 66.93, 36.61, 0],
		[3, "CC1101/NRF24Socket_2", 525, 580, "T", "DIP", "VCC", "", "C", 66.93, 66.93, 36.61, 270],
		[4, "CC1101/NRF24Socket_2", 525, 580, "B", "DIP", "VCC", "", "C", 66.93, 66.93, 36.61, 270],
		[5, "CC1101/NRF24Socket_3", 425, 480, "T", "DIP", "G25/G36", "", "C", 66.93, 66.93, 36.61, 270],
		[6, "CC1101/NRF24Socket_3", 425, 480, "B", "DIP", "G25/G36", "", "C", 66.93, 66.93, 36.61, 270],
		[7, "CC1101/NRF24Socket_4", 525, 480, "T", "DIP", "G26", "", "C", 66.93, 66.93, 36.61, 270],
		[8, "CC1101/NRF24Socket_4", 525, 480, "B", "DIP", "G26", "", "C", 66.93, 66.93, 36.61, 270],
		[9, "CC1101/NRF24Socket_5", 425, 380, "T", "DIP", "G0", "", "C", 66.93, 66.93, 36.61, 270],
		[10, "CC1101/NRF24Socket_5", 425, 380, "B", "DIP", "G0", "", "C", 66.93, 66.93, 36.61, 270],
		[11, "CC1101/NRF24Socket_6", 525, 380, "T", "DIP", "G32", "", "C", 66.93, 66.93, 36.61, 270],
		[12, "CC1101/NRF24Socket_6", 525, 380, "B", "DIP", "G32", "", "C", 66.93, 66.93, 36.61, 270],
		[13, "CC1101/NRF24Socket_7", 425, 280, "T", "DIP", "G33", "", "C", 66.93, 66.93, 36.61, 270],
		[14, "CC1101/NRF24Socket_7", 425, 280, "B", "DIP", "G33", "", "C", 66.93, 66.93, 36.61, 270],
		[15, "CC1101/NRF24Socket_8", 525, 280, "T", "DIP", "CC1101/NRF24Socket_8", "", "C", 66.93, 66.93, 36.61, 270],
		[16, "CC1101/NRF24Socket_8", 525, 280, "B", "DIP", "CC1101/NRF24Socket_8", "", "C", 66.93, 66.93, 36.61, 270],
		[17, "Grove_1", 1815, 365, "T", "DIP", "G33", "", "R", 67.91, 67.91, 45.28, 270],
		[18, "Grove_1", 1815, 365, "B", "DIP", "G33", "", "R", 67.91, 67.91, 45.28, 270],
		[19, "Grove_2", 1815, 465, "T", "DIP", "G32", "", "C", 67.91, 67.91, 45.28, 270],
		[20, "Grove_2", 1815, 465, "B", "DIP", "G32", "", "C", 67.91, 67.91, 45.28, 270],
		[21, "M5StickConnector_1", 80, 80, "T", "DIP", "GND", "GND", "R", 70.87, 70.87, 40.16, 90],
		[22, "M5StickConnector_1", 80, 80, "B", "DIP", "GND", "GND", "R", 70.87, 70.87, 40.16, 90],
		[23, "M5StickConnector_2", 80, 180, "T", "DIP", "+5V", "", "C", 70.87, 70.87, 40.16, 90],
		[24, "M5StickConnector_2", 80, 180, "B", "DIP", "+5V", "", "C", 70.87, 70.87, 40.16, 90],
		[25, "M5StickConnector_3", 80, 280, "T", "DIP", "G26", "", "C", 70.87, 70.87, 40.16, 90],
		[26, "M5StickConnector_3", 80, 280, "B", "DIP", "G26", "", "C", 70.87, 70.87, 40.16, 90],
		[27, "M5StickConnector_4", 80, 380, "T", "DIP", "G25/G36", "", "C", 70.87, 70.87, 40.16, 90],
		[28, "M5StickConnector_4", 80, 380, "B", "DIP", "G25/G36", "", "C", 70.87, 70.87, 40.16, 90],
		[29, "M5StickConnector_5", 80, 480, "T", "DIP", "G0", "", "C", 70.87, 70.87, 40.16, 90],
		[30, "M5StickConnector_5", 80, 480, "B", "DIP", "G0", "", "C", 70.87, 70.87, 40.16, 90],
		[31, "M5StickConnector_6", 80, 580, "T", "DIP", "BAT", "", "C", 70.87, 70.87, 40.16, 90],
		[32, "M5StickConnector_6", 80, 580, "B", "DIP", "BAT", "", "C", 70.87, 70.87, 40.16, 90],
		[33, "M5StickConnector_7", 80, 680, "T", "DIP", "VCC", "", "C", 70.87, 70.87, 40.16, 90],
		[34, "M5StickConnector_7", 80, 680, "B", "DIP", "VCC", "", "C", 70.87, 70.87, 40.16, 90],
		[35, "M5StickConnector_8", 80, 780, "T", "DIP", "5VIN", "", "C", 70.87, 70.87, 40.16, 90],
		[36, "M5StickConnector_8", 80, 780, "B", "DIP", "5VIN", "", "C", 70.87, 70.87, 40.16, 90]
	]
}
}