{
"lengthUnit": "mil",
"components": {
	"fields": ["COMPONENT_NO", "COMPONENT_NAME", "LAYER", "X_COORDINATE", "Y_COORDINATE", "ANGLE"],
	"rows": [
		[1, "FID1", "T", 50, 1000, 0],
		[2, "FID2", "T", 870, 290, 0],
		[3, "JP1", "T", 102, 62, 0],
		[4, "PRENULL1", "T", 125, 645, 90],
		[5, "PRENULL2", "T", 80, 310, 180],
		[6, "U1", "T", 1850, 311, 90],
		[7, "U2", "T", 435, 1075, 90]
	]
},
"pins": {
	"fields": ["PIN_NO", "PIN_NAME", "PIN_X", "PIN_Y", "LAYER", "PIN_TYPE", "NET_NAME", "NET_TYPE", "PAD_SHAPE", "PAD_SIZEX", "PAD_SIZEY", "HOLE_SIZE", "PAD_ANGLE"],
	"rows": [
		[1, "FID1_1", 50, 1000, "T", "SMD", "FID1_1", "", "C", 39.37, 39.37, 0, 0],
		[2, "FID2_1", 870, 290, "T", "SMD", "FID2_1", "", "C", 39.37, 39.37, 0, 0],
		[3, "JP1_1", 102, 62, "T", "DIP", "DAT2", "", "R", 74, 74, 40, 90],
		[4, "JP1_1", 102, 62, "B", "DIP", "DAT2", "", "R", 74, 74, 40, 90],
		[5, "JP1_2", 202, 62, "T", "DIP", "CD/DAT3", "", "C", 74, 74, 40, 90],
		[6, "JP1_2", 202, 62, "B", "DIP", "CD/DAT3", "", "C", 74, 74, 40, 90],
		[7, "JP1_3", 302, 62, "T", "DIP", "CMD", "", "C", 74, 74, 40, 90],
		[8, "JP1_3", 302, 62, "B", "DIP", "CMD", "", "C", 74, 74, 40, 90],
		[9, "JP1_4", 402, 62, "T", "DIP", "GND", "GND", "C", 74, 74, 40, 90],
		[10, "JP1_4", 402, 62, "B", "DIP", "GND", "GND", "C", 74, 74, 40, 90],
		[11, "JP1_5", 502, 62, "T", "DIP", "VCC", "", "C", 74, 74, 40, 90],
		[12, "JP1_5", 502, 62, "B", "DIP", "VCC", "", "C", 74, 74, 40, 90],
		[13, "JP1_6", 602, 62, "T", "DIP", "CLK", "", "C", 74, 74, 40, 90],
		[14, "JP1_6", 602, 62, "B", "DIP", "CLK", "", "C", 74, 74, 40, 90],
		[15, "JP1_7", 702, 62, "T", "DIP", "DAT0", "", "C", 74, 74, 40, 90],
		[16, "JP1_7", 702, 62, "B", "DIP", "DAT0", "", "C", 74, 74, 40, 90],
		[17, "JP1_8", 802, 62, "T", "DIP", "DAT1", "", "C", 74, 74, 40, 90],
		[18, "JP1_8", 802, 62, "B", "DIP", "DAT1", "", "C", 74, 74, 40, 90],
		[19, "PRENULL1_1", 175, 495, "T", "DIP", "GND", "GND", "R", 62, 62, 35, 90],
		[20, "PRENULL1_1", 175, 495, "B", "DIP", "GND", "GND", "R", 62, 62, 35, 90],
		[21, "PRENULL1_2", 75, 495, "T", "DIP", "VCC", "", "C", 62, 62, 35, 90],
		[22, "PRENULL1_2", 75, 495, "B", "DIP", "VCC", "", "C", 62, 62, 35, 90],
		[23, "PRENULL1_3", 175, 595, "T", "DIP", "G2", "", "C", 62, 62, 35, 90],
		[24, "PRENULL1_3", 175, 595, "B", "DIP", "G2", "", "C", 62, 62, 35, 90],
		[25, "PRENULL1_4", 75, 595, "T", "DIP", "G1", "", "C", 62, 62, 35, 90],
		[26, "PRENULL1_4", 75, 595, "B", "DIP", "G1", "", "C", 62, 62, 35, 90],
		[27, "PRENULL1_5", 175, 695, "T", "DIP", "CLK", "", "C", 62, 62, 35, 90],
		[28, "PRENULL1_5", 175, 695, "B", "DIP", "CLK", "", "C", 62, 62, 35, 90],
		[29, "PRENULL1_6", 75, 695, "T", "DIP", "CMD", "", "C", 62, 62, 35, 90],
		[30, "PRENULL1_6", 75, 695, "B", "DIP", "CMD", "", "C", 62, 62, 35, 90],
		[31, "PRENULL1_7", 175, 795, "T", "DIP", "DAT0", "", "C", 62, 62, 35, 90],
		[32, "PRENULL1_7", 175, 795, "B", "DIP", "DAT0", "", "C", 62, 62, 35, 90],
		[33, "PRENULL1_8", 75, 795, "T", "DIP", "NET11", "", "C", 62, 62, 35, 90],
		[34, "PRENULL1_8", 75, 795, "B", "DIP", "NET11", "", "C", 62, 62, 35, 90],
		[35, "PRENULL2_1", 80, 310, "T", "DIP", "G1", "", "R", 67.91, 67.91, 45.28, 180],
		[36, "PRENULL2_1", 80, 310, "B", "DIP", "G1", "", "R", 67.91, 67.91, 45.28, 180],
		[37, "PRENULL2_2", 180, 310, "T", "DIP", "G2", "", "C", 67.91, 67.91, 45.28, 180],
		[38, "PRENULL2_2", 180, 310, "B", "DIP", "G2", "", "C", 67.91, 67.91, 45.28, 180],
		[39, "U1_CD/DAT3", 1759.45, 411.79, "B", "SMD", "CD/DAT3", "", "R", 33.46, 127.95, 0, 90],
		[40, "U1_CLK", 1759.45, 541.71, "B", "SMD", "CLK", "", "R", 33.46, 127.95, 0, 90],
		[41, "U1_CMD", 1759.45, 455.09, "B", "SMD", "CMD", "", "R", 33.46, 127.95, 0, 90],
		[42, "U1_DAT0", 1759.45, 628.32, "B", "SMD", "DAT0", "", "R", 33.46, 127.95, 0, 90],
		[43, "U1_DAT1", 1759.45, 671.63, "B", "SMD", "DAT1", "", "R", 33.46, 127.95, 0, 90],
		[44, "U1_DAT2", 1759.45, 368.48, "B", "SMD", "DAT2", "", "R", 33.46, 127.95, 0, 90],
		[45, "U1_GND", 1767.32, 585.01, "B", "SMD", "GND", "GND", "R", 33.46, 147.64, 0, 270],
		[46, "U1_VCC", 1767.32, 498.4, "B", "SMD", "VCC", "", "R", 33.46, 147.64, 0, 90],
		[47, "U2_1", 346, 876, "T", "SMD", "DAT2", "", "R", 63, 27.6, 0, 90],
		[48, "U2_2", 390, 876, "T", "SMD", "CD/DAT3", "", "R", 63, 27.6, 0, 90],
		[49, "U2_3", 433, 876, "T", "SMD", "CMD", "", "R", 63, 27.6, 0, 90],
		[50, "U2_4", 476, 876, "T", "SMD", "VCC", "", "R", 63, 27.6, 0, 90],
		[51, "U2_5", 520, 876, "T", "SMD", "CLK", "", "R", 63, 27.6, 0, 90],
		[52, "U2_6", 563, 876, "T", "SMD", "GND", "GND", "R", 63, 27.6, 0, 90],
		[53, "U2_7", 606, 876, "T", "SMD", "DAT0", "", "R", 63, 27.6, 0, 90],
		[54, "U2_8", 650, 876, "T", "SMD", "DAT1", "", "R", 63, 27.6, 0, 90],
		[55, "U2_9", 693, 876, "T", "SMD", "U2_9", "", "R", 63, 27.6, 0, 90],
		[56, "U2_10", 744, 900, "T", "SMD", "GND", "GND", "R", 63, 55.1, 0, 90],
		[57, "U2_11", 744, 1274, "T", "SMD", "GND", "GND", "R", 86.6, 55.1, 0, 90],
		[58, "U2_12", 126, 1274, "T", "SMD", "GND", "GND", "R", 86.6, 55.1, 0, 90],
		[59, "U2_13", 161, 896, "T", "SMD", "GND", "GND", "R", 55.1, 70.9, 0, 90]
	]
}
}