{
"lengthUnit": "mil",
"components": {
	"fields": ["COMPONENT_NO", "COMPONENT_NAME", "LAYER", "X_COORDINATE", "Y_COORDINATE", "ANGLE"],
	"rows": [
		[1, "CC1101/NRF24", "T", 1260, 165, 0],
		[2, "Grove", "T", 1750, 425, 180],
		[3, "M5Stick", "B", 60, 425, 90],
		[4, "SDModule", "T", 585, 120, 180]
	]
},
"pins": {
	"fields": ["PIN_NO", "PIN_NAME", "PIN_X", "PIN_Y", "LAYER", "PIN_TYPE", "NET_NAME", "NET_TYPE", "PAD_SHAPE", "PAD_SIZEX", "PAD_SIZEY", "HOLE_SIZE", "PAD_ANGLE"],
	"rows": [
		[1, "CC1101/NRF24_1", 1110, 115, "T", "DIP", "GND", "GND", "C", 78.74, 78.74, 43.31, 0],
		[2, "CC1101/NRF24_1", 1110, 115, "B", "DIP", "GND", "GND", "C", 78.74, 78.74, 43.31, 0],
		[3, "CC1101/NRF24_2", 1110, 215, "T", "DIP", "VCC", "", "C", 78.74, 78.74, 43.31, 0],
		[4, "CC1101/NRF24_2", 1110, 215, "B", "DIP", "VCC", "", "C", 78.74, 78.74, 43.31, 0],
		[5, "CC1101/NRF24_3", 1210, 115, "T", "DIP", "G36", "", "C", 78.74, 78.74, 43.31, 0],
		[6, "CC1101/NRF24_3", 1210, 115, "B", "DIP", "G36", "", "C", 78.74, 78.74, 43.31, 0],
		[7, "CC1101/NRF24_4", 1210, 215, "T", "DIP", "G26", "", "C", 78.74, 78.74, 43.31, 0],
		[8, "CC1101/NRF24_4", 1210, 215, "B", "DIP", "G26", "", "C", 78.74, 78.74, 43.31, 0],
		[9, "CC1101/NRF24_5", 1310, 115, "T", "DIP", "G0", "", "C", 78.74, 78.74, 43.31, 0],
		[10, "CC1101/NRF24_5", 1310, 115, "B", "DIP", "G0", "", "C", 78.74, 78.74, 43.31, 0],
		[11, "CC1101/NRF24_6", 1310, 215, "T", "DIP", "G32", "", "C", 78.74, 78.74, 43.31, 0],
		[12, "CC1101/NRF24_6", 1310, 215, "B", "DIP", "G32", "", "C", 78.74, 78.74, 43.31, 0],
		[13, "CC1101/NRF24_7", 1410, 115, "T", "DIP", "G33", "", "C", 78.74, 78.74, 43.31, 0],
		[14, "CC1101/NRF24_7", 1410, 115, "B", "DIP", "G33", "", "C", 78.74, 78.74, 43.31, 0],
		[15, "CC1101/NRF24_8", 1410, 215, "T", "DIP", "CC1101/NRF24_8", "", "C", 78.74, 78.74, 43.31, 0],
		[16, "CC1101/NRF24_8", 1410, 215, "B", "DIP", "CC1101/NRF24_8", "", "C", 78.74, 78.74, 43.31, 0],
		[17, "Grove_1", 1750, 307, "T", "DIP", "GND", "GND", "R", 50, 50, 31.4, 90],
		[18, "Grove_1", 1750, 307, "B", "DIP", "GND", "GND", "R", 50, 50, 31.4, 90],
		[19, "Grove_2", 1750, 386, "T", "DIP", "Grove_2", "", "C", 50, 50, 31.4, 90],
		[20, "Grove_2", 1750, 386, "B", "DIP", "Grove_2", "", "C", 50, 50, 31.4, 90],
		[21, "Grove_3", 1750, 464, "T", "DIP", "G32", "", "C", 50, 50, 31.4, 90],
		[22, "Grove_3", 1750, 464, "B", "DIP", "G32", "", "C", 50, 50, 31.4, 90],
		[23, "Grove_4", 1750, 543, "T", "DIP", "G33", "", "C", 50, 50, 31.4, 90],
		[24, "Grove_4", 1750, 543, "B", "DIP", "G33", "", "C", 50, 50, 31.4, 90],
		[25, "M5Stick_1", 60, 75, "T", "DIP", "GND", "GND", "R", 70.87, 70.87, 47.24, 90],
		[26, "M5Stick_1", 60, 75, "B", "DIP", "GND", "GND", "R", 70.87, 70.87, 47.24, 90],
		[27, "M5Stick_2", 60, 175, "T", "DIP", "+5V", "", "C", 70.87, 70.87, 47.24, 90],
		[28, "M5Stick_2", 60, 175, "B", "DIP", "+5V", "", "C", 70.87, 70.87, 47.24, 90],
		[29, "M5Stick_3", 60, 275, "T", "DIP", "G26", "", "C", 70.87, 70.87, 47.24, 90],
		[30, "M5Stick_3", 60, 275, "B", "DIP", "G26", "", "C", 70.87, 70.87, 47.24, 90],
		[31, "M5Stick_4", 60, 375, "T", "DIP", "G36", "", "C", 70.87, 70.87, 47.24, 90],
		[32, "M5Stick_4", 60, 375, "B", "DIP", "G36", "", "C", 70.87, 70.87, 47.24, 90],
		[33, "M5Stick_5", 60, 475, "T", "DIP", "G0", "", "C", 70.87, 70.87, 47.24, 90],
		[34, "M5Stick_5", 60, 475, "B", "DIP", "G0", "", "C", 70.87, 70.87, 47.24, 90],
		[35, "M5Stick_6", 60, 575, "T", "DIP", "BAT", "", "C", 70.87, 70.87, 47.24, 90],
		[36, "M5Stick_6", 60, 575, "B", "DIP", "BAT", "", "C", 70.87, 70.87, 47.24, 90],
		[37, "M5Stick_7", 60, 675, "T", "DIP", "VCC", "", "C", 70.87, 70.87, 47.24, 90],
		[38, "M5Stick_7", 60, 675, "B", "DIP", "VCC", "", "C", 70.87, 70.87, 47.24, 90],
		[39, "M5Stick_8", 60, 775, "T", "DIP", "5VIN", "", "C", 70.87, 70.87, 47.24, 90],
		[40, "M5Stick_8", 60, 775, "B", "DIP", "5VIN", "", "C", 70.87, 70.87, 47.24, 90],
		[41, "SDModule_1", 835, 120, "T", "DIP", "GND", "GND", "R", 62, 62, 35, 180],
		[42, "SDModule_1", 835, 120, "B", "DIP", "GND", "GND", "R", 62, 62, 35, 180],
		[43, "SDModule_2", 735, 120, "T", "DIP", "G36", "", "C", 62, 62, 35, 180],
		[44, "SDModule_2", 735, 120, "B", "DIP", "G36", "", "C", 62, 62, 35, 180],
		[45, "SDModule_3", 635, 120, "T", "DIP", "G0", "", "C", 62, 62, 35, 180],
		[46, "SDModule_3", 635, 120, "B", "DIP", "G0", "", "C", 62, 62, 35, 180],
		[47, "SDModule_4", 535, 120, "T", "DIP", "G26", "", "C", 62, 62, 35, 180],
		[48, "SDModule_4", 535, 120, "B", "DIP", "G26", "", "C", 62, 62, 35, 180],
		[49, "SDModule_5", 435, 120, "T", "DIP", "GND", "GND", "C", 62, 62, 35, 180],
		[50, "SDModule_5", 435, 120, "B", "DIP", "GND", "GND", "C", 62, 62, 35, 180],
		[51, "SDModule_6", 335, 120, "T", "DIP", "VCC", "", "C", 62, 62, 35, 180],
		[52, "SDModule_6", 335, 120, "B", "DIP", "VCC", "", "C", 62, 62, 35, 180]
	]
}
}