{
"lengthUnit": "mil",
"components": {
	"fields": ["COMPONENT_NO", "COMPONENT_NAME", "LAYER", "X_COORDINATE", "Y_COORDINATE", "ANGLE"],
	"rows": [
		[1, "P1", "T", 80, 75, 90],
		[2, "P2", "T", 400, 170, 90]
	]
},
"pins": {
	"fields": ["PIN_NO", "PIN_NAME", "PIN_X", "PIN_Y", "LAYER", "PIN_TYPE", "NET_NAME", "NET_TYPE", "PAD_SHAPE", "PAD_SIZEX", "PAD_SIZEY", "HOLE_SIZE", "PAD_ANGLE"],
	"rows": [
		[1, "P1_1", 80, 75, "T", "DIP", "GND", "GND", "R", 70.87, 70.87, 40.16, 90],
		[2, "P1_1", 80, 75, "B", "DIP", "GND", "GND", "R", 70.87, 70.87, 40.16, 90],
		[3, "P1_2", 80, 175, "T", "DIP", "+5V", "", "C", 70.87, 70.87, 40.16, 90],
		[4, "P1_2", 80, 175, "B", "DIP", "+5V", "", "C", 70.87, 70.87, 40.16, 90],
		[5, "P1_3", 80, 275, "T", "DIP", "G26", "", "C", 70.87, 70.87, 40.16, 90],
		[6, "P1_3", 80, 275, "B", "DIP", "G26", "", "C", 70.87, 70.87, 40.16, 90],
		[7, "P1_4", 80, 375, "T", "DIP", "G25", "", "C", 70.87, 70.87, 40.16, 90],
		[8, "P1_4", 80, 375, "B", "DIP", "G25", "", "C", 70.87, 70.87, 40.16, 90],
		[9, "P1_5", 80, 475, "T", "DIP", "G0", "", "C", 70.87, 70.87, 40.16, 90],
		[10, "P1_5", 80, 475, "B", "DIP", "G0", "", "C", 70.87, 70.87, 40.16, 90],
		[11, "P1_6", 80, 575, "T", "DIP", "BAT", "", "C", 70.87, 70.87, 40.16, 90],
		[12, "P1_6", 80, 575, "B", "DIP", "BAT", "", "C", 70.87, 70.87, 40.16, 90],
		[13, "P1_7", 80, 675, "T", "DIP", "VCC", "", "C", 70.87, 70.87, 40.16, 90],
		[14, "P1_7", 80, 675, "B", "DIP", "VCC", "", "C", 70.87, 70.87, 40.16, 90],
		[15, "P1_8", 80, 775, "T", "DIP", "5VIN", "", "C", 70.87, 70.87, 40.16, 90],
		[16, "P1_8", 80, 775, "B", "DIP", "5VIN", "", "C", 70.87, 70.87, 40.16, 90],
		[17, "P2_1", 400, 170, "T", "DIP", "GND", "GND", "R", 78.74, 62.99, 43.31, 180],
		[18, "P2_1", 400, 170, "B", "DIP", "GND", "GND", "R", 78.74, 62.99, 43.31, 180],
		[19, "P2_2", 400, 270, "T", "DIP", "G25", "", "O", 78.74, 62.99, 43.31, 180],
		[20, "P2_2", 400, 270, "B", "DIP", "G25", "", "O", 78.74, 62.99, 43.31, 180],
		[21, "P2_3", 400, 370, "T", "DIP", "G0", "", "O", 78.74, 62.99, 43.31, 180],
		[22, "P2_3", 400, 370, "B", "DIP", "G0", "", "O", 78.74, 62.99, 43.31, 180],
		[23, "P2_4", 400, 470, "T", "DIP", "G26", "", "O", 78.74, 62.99, 43.31, 180],
		[24, "P2_4", 400, 470, "B", "DIP", "G26", "", "O", 78.74, 62.99, 43.31, 180],
		[25, "P2_5", 400, 570, "T", "DIP", "GND", "GND", "O", 78.74, 62.99, 43.31, 180],
		[26, "P2_5", 400, 570, "B", "DIP", "GND", "GND", "O", 78.74, 62.99, 43.31, 180],
		[27, "P2_6", 400, 670, "T", "DIP", "VCC", "", "O", 78.74, 62.99, 43.31, 180],
		[28, "P2_6", 400, 670, "B", "DIP", "VCC", "", "O", 78.74, 62.99, 43.31, 180]
	]
}
}