{
"lengthUnit": "mil",
"components": {
	"fields": ["COMPONENT_NO", "COMPONENT_NAME", "LAYER", "X_COORDINATE", "Y_COORDINATE", "ANGLE"],
	"rows": [
		[1, "J1", "T", 1665, 420, 270],
		[2, "P1", "T", 1025, 90, 180],
		[3, "SW1", "T", 195, 370, 0]
	]
},
"pins": {
	"fields": ["PIN_NO", "PIN_NAME", "PIN_X", "PIN_Y", "LAYER", "PIN_TYPE", "NET_NAME", "NET_TYPE", "PAD_SHAPE", "PAD_SIZEX", "PAD_SIZEY", "HOLE_SIZE", "PAD_ANGLE"],
	"rows": [
		[1, "J1_1", 1815, 520, "T", "DIP", "GND", "GND", "C", 68.9, 68.9, 44.88, 270],
		[2, "J1_1", 1815, 520, "B", "DIP", "GND", "GND", "C", 68.9, 68.9, 44.88, 270],
		[3, "J1_2", 1815, 420, "T", "DIP", "VCC", "", "C", 68.9, 68.9, 44.88, 270],
		[4, "J1_2", 1815, 420, "B", "DIP", "VCC", "", "C", 68.9, 68.9, 44.88, 270],
		[5, "J1_3", 1815, 320, "T", "DIP", "SDA", "", "C", 68.9, 68.9, 44.88, 270],
		[6, "J1_3", 1815, 320, "B", "DIP", "SDA", "", "C", 68.9, 68.9, 44.88, 270],
		[7, "J1_4", 1815, 220, "T", "DIP", "SCL", "", "C", 68.9, 68.9, 44.88, 270],
		[8, "J1_4", 1815, 220, "B", "DIP", "SCL", "", "C", 68.9, 68.9, 44.88, 270],
		[9, "P1_1", 1525, 90, "T", "DIP", "RIN", "", "R", 59, 59, 36, 180],
		[10, "P1_1", 1525, 90, "B", "DIP", "RIN", "", "R", 59, 59, 36, 180],
		[11, "P1_2", 1425, 90, "T", "DIP", "LIN", "", "C", 59, 59, 36, 180],
		[12, "P1_2", 1425, 90, "B", "DIP", "LIN", "", "C", 59, 59, 36, 180],
		[13, "P1_3", 1325, 90, "T", "DIP", "VCC", "", "C", 59, 59, 36, 180],
		[14, "P1_3", 1325, 90, "B", "DIP", "VCC", "", "C", 59, 59, 36, 180],
		[15, "P1_4", 1225, 90, "T", "DIP", "GND", "GND", "C", 59, 59, 36, 180],
		[16, "P1_4", 1225, 90, "B", "DIP", "GND", "GND", "C", 59, 59, 36, 180],
		[17, "P1_5", 1125, 90, "T", "DIP", "3VO", "", "C", 59, 59, 36, 180],
		[18, "P1_5", 1125, 90, "B", "DIP", "3VO", "", "C", 59, 59, 36, 180],
		[19, "P1_6", 1025, 90, "T", "DIP", "GP2", "", "C", 59, 59, 36, 180],
		[20, "P1_6", 1025, 90, "B", "DIP", "GP2", "", "C", 59, 59, 36, 180],
		[21, "P1_7", 925, 90, "T", "DIP", "GP1", "", "C", 59, 59, 36, 180],
		[22, "P1_7", 925, 90, "B", "DIP", "GP1", "", "C", 59, 59, 36, 180],
		[23, "P1_8", 825, 90, "T", "DIP", "SDA", "", "C", 59, 59, 36, 180],
		[24, "P1_8", 825, 90, "B", "DIP", "SDA", "", "C", 59, 59, 36, 180],
		[25, "P1_9", 725, 90, "T", "DIP", "SCL", "", "C", 59, 59, 36, 180],
		[26, "P1_9", 725, 90, "B", "DIP", "SCL", "", "C", 59, 59, 36, 180],
		[27, "P1_10", 625, 90, "T", "DIP", "CS", "", "C", 59, 59, 36, 180],
		[28, "P1_10", 625, 90, "B", "DIP", "CS", "", "C", 59, 59, 36, 180],
		[29, "P1_11", 525, 90, "T", "DIP", "RST", "", "C", 59, 59, 36, 180],
		[30, "P1_11", 525, 90, "B", "DIP", "RST", "", "C", 59, 59, 36, 180],
		[31, "SW1_1", 65.9, 450.66, "T", "DIP", "RST", "", "C", 60, 60, 36, 0],
		[32, "SW1_1", 65.9, 450.66, "B", "DIP", "RST", "", "C", 60, 60, 36, 0],
		[33, "SW1_1", 325.9, 450.66, "T", "DIP", "RST", "", "C", 60, 60, 36, 0],
		[34, "SW1_1", 325.9, 450.66, "B", "DIP", "RST", "", "C", 60, 60, 36, 0],
		[35, "SW1_2", 65.9, 290.66, "T", "DIP", "GND", "GND", "C", 60, 60, 36, 0],
		[36, "SW1_2", 65.9, 290.66, "B", "DIP", "GND", "GND", "C", 60, 60, 36, 0],
		[37, "SW1_2", 325.9, 290.66, "T", "DIP", "GND", "GND", "C", 60, 60, 36, 0],
		[38, "SW1_2", 325.9, 290.66, "B", "DIP", "GND", "GND", "C", 60, 60, 36, 0]
	]
}
}